cur_id,random
8633,0.32
8634,0.32
8635,0.23
8636,0.43
8637,0.31
8638,0.46
8639,0.19
8640,0.22
8641,0.35
8642,0.36
8643,0.16
8644,0.29
8645,0.37
8646,0.31
8647,0.21
8648,0.08
8649,0.28
8650,0.24
8651,0.21
8652,0.36
8653,0.34
8654,0.03
8655,0.25
8656,0.24
8657,0.28
8658,0.38
8659,0.13
8660,0.29
8661,0.2
8662,0.25
8663,0.38
8664,0.32
8665,0.23
8666,0.12
8667,0.32
8668,0.12
8669,0.36
8670,0.41
8671,0.22
8672,0.2
8673,0.27
8674,0.36
8675,0.34
8676,0.3
8677,0.21
8678,0.11
8679,0.27
8680,0.22
8681,0.34
8682,0.39
8683,0.31
8684,0.45
8685,0.32
8686,0.24
8687,0.38
8688,0.26
8689,0.33
8690,0.56
8691,0.47
8692,0.23
8693,0.4
8694,0.33
8695,0.4
8696,0.37
8697,0.33
8698,0.48
8699,0.23
8700,0.39
8701,0.37
8702,0.24
8703,0.29
8704,0.16
8705,0.49
8706,0.35
8707,0.34
8708,0.42
8709,0.13
8710,0.12
8711,0.0
8712,0.33
8713,0.46
8714,0.3
8715,0.11
8716,0.19
8717,0.35
8718,0.47
8719,0.15
8720,0.28
8721,0.52
8722,0.42
8723,0.08
8724,0.32
8725,0.34
8726,0.09
8727,0.16
8728,0.17
8729,0.48
8730,0.53
8731,0.05
8732,0.5
8733,0.42
8734,0.42
8735,0.41
8736,0.32
8737,0.19
8738,0.07
8739,0.26
8740,0.08
8741,0.44
8742,0.33
8743,0.25
8744,0.4
8745,0.1
8746,0.02
8747,0.54
8748,0.25
8749,0.44
8750,0.26
8751,0.24
8752,0.27
8753,0.29
8754,0.13
8755,0.24
8756,0.3
8757,0.15
8758,0.19
8759,0.49
8760,0.41
8761,0.16
8762,0.21
8763,0.27
8764,0.4
8765,0.14
8766,0.41
8767,0.13
8768,0.47
8769,0.37
8770,0.39
8771,0.05
8772,0.32
8773,0.48
8774,0.0
8775,0.39
8776,0.28
8777,0.37
8778,0.2
8779,0.48
8780,0.4
8781,0.44
8782,0.38
8783,0.55
8784,0.2
8785,0.26
8786,0.33
8787,0.25
8788,0.4
8789,0.23
8790,0.18
8791,0.22
8792,0.28
8793,0.3
8794,0.33
8795,0.34
8796,0.4
8797,0.29
8798,0.42
8799,0.49
8800,0.39
8801,0.61
8802,0.2
8803,0.1
8804,0.28
8805,0.29
8806,0.21
8807,0.35
8808,0.31
8809,0.35
8810,0.33
8811,0.25
8812,0.38
8813,0.43
8814,0.38
8815,0.16
8816,0.44
8817,0.19
8818,0.26
8819,0.36
8820,0.22
8821,0.45
8822,0.23
8823,0.24
8824,0.36
8825,0.16
8826,0.31
8827,0.13
8828,0.21
8829,0.3
8830,0.11
8831,0.24
8832,0.23
8833,0.25
8834,0.19
8835,0.33
8836,0.23
8837,0.26
8838,0.33
8839,0.58
8840,0.54
8841,0.22
8842,0.1
8843,0.17
8844,0.21
8845,0.16
8846,0.42
8847,0.31
8848,0.49
8849,0.3
8850,0.28
8851,0.46
8852,0.55
8853,0.29
8854,0.16
8855,0.35
8856,0.32
8857,0.32
8858,0.57
8859,0.38
8860,0.51
8861,0.39
8862,0.62
8863,0.39
8864,0.26
8865,0.2
8866,0.33
8867,0.36
8868,0.25
8869,0.26
8870,0.1
8871,0.3
8872,0.19
8873,0.34
8874,0.6
8875,0.42
8876,0.31
8877,0.42
8878,0.34
8879,0.38
8880,0.3
8881,0.51
8882,0.47
8883,0.47
8884,0.39
8885,0.14
8886,0.28
8887,0.37
8888,0.33
8889,0.47
8890,0.32
8891,0.11
8892,0.51
8893,0.24
8894,0.3
8895,0.26
8896,0.49
8897,0.0
8898,0.12
8899,0.21
8900,0.22
8901,0.32
8902,0.14
8903,0.56
8904,0.17
8905,0.17
8906,0.15
8907,0.21
8908,0.3
8909,0.17
8910,0.34
8911,0.54
8912,0.31
8913,0.18
8914,0.36
8915,0.4
8916,0.22
8917,0.32
8918,0.47
8919,0.35
8920,0.44
8921,0.55
8922,0.29
8923,0.41
8924,0.51
8925,0.24
8926,0.32
8927,0.46
8928,0.3
8929,0.03
8930,0.19
8931,0.35
8932,0.27
8933,0.23
8934,0.42
8935,0.32
8936,0.15
8937,0.22
8938,0.39
8939,0.29
8940,0.44
8941,0.45
8942,0.32
8943,0.32
8944,0.56
8945,0.44
8946,0.41
8947,0.22
8948,0.38
8949,0.34
8950,0.29
8951,0.14
8952,0.07
8953,0.65
8954,0.21
8955,0.29
8956,0.47
8957,0.21
8958,0.19
8959,0.52
8960,0.35
8961,0.29
8962,0.13
8963,0.19
8964,0.27
8965,0.09
8966,0.19
8967,0.27
8968,0.27
8969,0.13
8970,0.48
8971,0.35
8972,0.18
8973,0.35
8974,0.3
8975,0.36
8976,0.17
8977,0.35
8978,0.2
8979,0.43
8980,0.2
8981,0.01
8982,0.31
8983,0.1
8984,0.44
8985,0.22
8986,0.41
8987,0.36
8988,0.33
8989,0.23
8990,0.15
8991,0.29
8992,0.25
8993,0.43
8994,0.14
8995,0.34
8996,0.17
8997,0.22
8998,0.28
8999,0.35
9000,0.28
9001,0.45
9002,0.46
9003,0.2
9004,0.28
9005,0.2
9006,0.51
9007,0.44
9008,0.38
9009,0.39
9010,0.32
9011,0.22
9012,0.41
9013,0.39
9014,0.34
9015,0.19
9016,0.07
9017,0.44
9018,0.31
9019,0.3
9020,0.45
9021,0.45
9022,0.02
9023,0.16
9024,0.15
9025,0.41
9026,0.17
9027,0.3
9028,0.55
9029,0.26
9030,0.23
9031,0.09
9032,0.34
9033,0.28
9034,0.0
9035,0.12
9036,0.28
9037,0.24
9038,0.23
9039,0.44
9040,0.29
9041,0.31
9042,0.16
9043,0.12
9044,0.55
9045,0.21
9046,0.18
9047,0.46
9048,0.28
9049,0.12
9050,0.45
9051,0.12
9052,0.53
9053,0.13
9054,0.4
9055,0.13
9056,0.29
9057,0.21
9058,0.3
9059,0.42
9060,0.17
9061,0.44
9062,0.13
9063,0.45
9064,0.44
9065,0.42
9066,0.64
9067,0.53
9068,0.27
9069,0.46
9070,0.36
9071,0.4
9072,0.25
9073,0.47
9074,0.21
9075,0.46
9076,0.1
9077,0.48
9078,0.64
9079,0.23
9080,0.39
9081,0.12
9082,0.32
9083,0.34
9084,0.43
9085,0.61
9086,0.35
9087,0.33
9088,0.19
9089,0.27
9090,0.4
9091,0.19
9092,0.12
9093,0.31
9094,0.27
9095,0.24
9096,0.26
9097,0.29
9098,0.27
9099,0.37
9100,0.29
9101,0.38
9102,0.37
9103,0.29
9104,0.36
9105,0.0
9106,0.37
9107,0.43
9108,0.15
9109,0.32
9110,0.2
9111,0.32
9112,0.54
9113,0.3
9114,0.12
9115,0.26
9116,0.31
9117,0.41
9118,0.24
9119,0.23
9120,0.38
9121,0.35
9122,0.27
9123,0.35
9124,0.17
9125,0.26
9126,0.3
9127,0.38
9128,0.09
9129,0.0
9130,0.25
9131,0.44
9132,0.13
9133,0.27
9134,0.23
9135,0.21
9136,0.38
9137,0.58
9138,0.18
9139,0.32
9140,0.3
9141,0.52
9142,0.16
9143,0.29
9144,0.33
9145,0.27
9146,0.39
9147,0.2
9148,0.09
9149,0.09
9150,0.22
9151,0.43
9152,0.39
9153,0.37
9154,0.34
9155,0.34
9156,0.2
9157,0.18
9158,0.74
9159,0.28
9160,0.47
9161,0.11
9162,0.24
9163,0.2
9164,0.35
9165,0.2
9166,0.42
9167,0.32
9168,0.17
9169,0.18
9170,0.05
9171,0.42
9172,0.41
9173,0.49
9174,0.43
9175,0.35
9176,0.36
9177,0.09
9178,0.18
9179,0.15
9180,0.28
9181,0.42
9182,0.45
9183,0.34
9184,0.4
9185,0.28
9186,0.26
9187,0.31
9188,0.0
9189,0.34
9190,0.23
9191,0.4
9192,0.28
9193,0.13
9194,0.34
9195,0.22
9196,0.36
9197,0.25
9198,0.28
9199,0.34
9200,0.14
9201,0.31
9202,0.38
9203,0.46
9204,0.37
9205,0.29
9206,0.33
9207,0.33
9208,0.54
9209,0.2
9210,0.43
9211,0.23
9212,0.34
9213,0.26
9214,0.08
9215,0.09
9216,0.14
9217,0.5
9218,0.39
9219,0.33
9220,0.22
9221,0.18
9222,0.24
9223,0.35
9224,0.22
9225,0.14
9226,0.3
9227,0.22
9228,0.33
9229,0.21
9230,0.33
9231,0.12
9232,0.39
9233,0.27
9234,0.4
9235,0.44
9236,0.46
9237,0.26
9238,0.24
9239,0.27
9240,0.42
9241,0.33
9242,0.43
9243,0.5
9244,0.34
9245,0.18
9246,0.33
9247,0.19
9248,0.17
9249,0.38
9250,0.25
9251,0.34
9252,0.13
9253,0.3
9254,0.45
9255,0.09
9256,0.37
9257,0.16
9258,0.35
9259,0.14
9260,0.07
9261,0.3
9262,0.31
9263,0.5
9264,0.32
9265,0.6
9266,0.17
9267,0.14
9268,0.46
9269,0.17
9270,0.19
9271,0.35
9272,0.33
9273,0.4
9274,0.44
9275,0.24
9276,0.13
9277,0.27
9278,0.41
9279,0.44
9280,0.36
9281,0.24
9282,0.37
9283,0.27
9284,0.35
9285,0.35
9286,0.44
9287,0.62
9288,0.19
9289,0.16
9290,0.28
9291,0.18
9292,0.2
9293,0.31
9294,0.2
9295,0.58
9296,0.05
9297,0.32
9298,0.37
9299,0.21
9300,0.16
9301,0.26
9302,0.4
9303,0.44
9304,0.25
9305,0.1
9306,0.39
9307,0.33
9308,0.5
9309,0.34
9310,0.17
9311,0.12
9312,0.24
9313,0.19
9314,0.5
9315,0.4
9316,0.2
9317,0.34
9318,0.21
9319,0.13
9320,0.16
9321,0.4
9322,0.25
9323,0.42
9324,0.47
9325,0.34
9326,0.52
9327,0.34
9328,0.43
9329,0.34
9330,0.54
9331,0.27
9332,0.44
9333,0.24
9334,0.11
9335,0.26
9336,0.15
9337,0.18
9338,0.0
9339,0.24
9340,0.4
9341,0.23
9342,0.17
9343,0.15
9344,0.36
9345,0.48
9346,0.14
9347,0.09
9348,0.17
9349,0.32
9350,0.2
9351,0.15
9352,0.46
9353,0.44
9354,0.46
9355,0.06
9356,0.57
9357,0.31
9358,0.31
9359,0.09
9360,0.4
9361,0.4
9362,0.49
9363,0.42
9364,0.34
9365,0.38
9366,0.45
9367,0.15
9368,0.34
9369,0.2
9370,0.36
9371,0.32
9372,0.14
9373,0.27
9374,0.17
9375,0.15
9376,0.1
9377,0.32
9378,0.28
9379,0.16
9380,0.22
9381,0.07
9382,0.26
9383,0.46
9384,0.35
9385,0.3
9386,0.39
9387,0.18
9388,0.55
9389,0.39
9390,0.22
9391,0.26
9392,0.06
9393,0.23
9394,0.27
9395,0.26
9396,0.29
9397,0.33
9398,0.44
9399,0.29
9400,0.4
9401,0.15
9402,0.42
9403,0.11
9404,0.2
9405,0.45
9406,0.27
9407,0.28
9408,0.36
9409,0.21
9410,0.55
9411,0.34
9412,0.27
9413,0.28
9414,0.18
9415,0.46
9416,0.19
9417,0.17
9418,0.08
9419,0.66
9420,0.19
9421,0.28
9422,0.37
9423,0.3
9424,0.18
9425,0.4
9426,0.33
9427,0.3
9428,0.31
9429,0.1
9430,0.23
9431,0.33
9432,0.29
9433,0.21
9434,0.41
9435,0.18
9436,0.56
9437,0.26
9438,0.21
9439,0.37
9440,0.35
9441,0.2
9442,0.23
9443,0.26
9444,0.22
9445,0.02
9446,0.27
9447,0.14
9448,0.34
9449,0.53
9450,0.1
9451,0.52
9452,0.22
9453,0.66
9454,0.31
9455,0.14
9456,0.03
9457,0.13
9458,0.44
9459,0.51
9460,0.24
9461,0.17
9462,0.3
9463,0.09
9464,0.42
9465,0.44
9466,0.5
9467,0.14
9468,0.42
9469,0.22
9470,0.59
9471,0.39
9472,0.49
9473,0.4
9474,0.06
9475,0.26
9476,0.0
9477,0.31
9478,0.18
9479,0.13
9480,0.4
9481,0.17
9482,0.13
9483,0.42
9484,0.33
9485,0.39
9486,0.53
9487,0.38
9488,0.26
9489,0.23
9490,0.1
9491,0.3
9492,0.01
9493,0.48
9494,0.35
9495,0.4
9496,0.38
9497,0.36
9498,0.41
9499,0.37
9500,0.12
9501,0.11
9502,0.31
9503,0.6
9504,0.31
9505,0.4
9506,0.15
9507,0.33
9508,0.23
9509,0.47
9510,0.44
9511,0.48
9512,0.18
9513,0.37
9514,0.0
9515,0.35
9516,0.22
9517,0.37
9518,0.2
9519,0.52
9520,0.3
9521,0.33
9522,0.42
9523,0.0
9524,0.28
9525,0.56
9526,0.36
9527,0.26
9528,0.27
9529,0.39
9530,0.43
9531,0.24
9532,0.31
9533,0.08
9534,0.29
9535,0.41
9536,0.41
9537,0.39
9538,0.37
9539,0.21
9540,0.26
9541,0.22
9542,0.27
9543,0.32
9544,0.22
9545,0.18
9546,0.29
9547,0.0
9548,0.1
9549,0.19
9550,0.38
9551,0.32
9552,0.38
9553,0.42
9554,0.65
9555,0.26
9556,0.44
9557,0.26
9558,0.32
9559,0.47
9560,0.25
9561,0.18
9562,0.4
9563,0.42
9564,0.24
9565,0.47
9566,0.23
9567,0.32
9568,0.32
9569,0.32
9570,0.31
9571,0.37
9572,0.45
9573,0.07
9574,0.52
9575,0.31
9576,0.48
9577,0.16
9578,0.36
9579,0.42
9580,0.55
9581,0.42
9582,0.34
9583,0.06
9584,0.35
9585,0.05
9586,0.55
9587,0.25
9588,0.33
9589,0.34
9590,0.11
9591,0.33
9592,0.43
9593,0.41
9594,0.34
9595,0.25
9596,0.15
9597,0.41
9598,0.31
9599,0.3
9600,0.24
9601,0.29
9602,0.37
9603,0.47
9604,0.17
9605,0.18
9606,0.44
9607,0.21
9608,0.2
9609,0.34
9610,0.0
9611,0.49
9612,0.31
9613,0.34
9614,0.33
9615,0.2
9616,0.09
9617,0.55
9618,0.25
9619,0.12
9620,0.13
9621,0.08
9622,0.39
9623,0.48
9624,0.35
9625,0.31
9626,0.31
9627,0.46
9628,0.43
9629,0.39
9630,0.25
9631,0.2
9632,0.3
9633,0.09
9634,0.27
9635,0.36
9636,0.22
9637,0.2
9638,0.56
9639,0.17
9640,0.17
9641,0.19
9642,0.47
9643,0.26
9644,0.38
9645,0.11
9646,0.25
9647,0.47
9648,0.44
9649,0.3
9650,0.32
9651,0.42
9652,0.4
9653,0.25
9654,0.57
9655,0.36
9656,0.07
9657,0.12
9658,0.46
9659,0.18
9660,0.56
9661,0.37
9662,0.26
9663,0.29
9664,0.15
9665,0.4
9666,0.19
9667,0.0
9668,0.28
9669,0.0
9670,0.25
9671,0.05
9672,0.14
9673,0.36
9674,0.4
9675,0.24
9676,0.19
9677,0.5
9678,0.27
9679,0.28
9680,0.04
9681,0.6
9682,0.4
9683,0.1
9684,0.29
9685,0.36
9686,0.28
9687,0.39
9688,0.24
9689,0.0
9690,0.25
9691,0.22
9692,0.11
9693,0.42
9694,0.21
9695,0.27
9696,0.49
9697,0.27
9698,0.11
9699,0.25
9700,0.0
9701,0.02
9702,0.37
9703,0.36
9704,0.42
9705,0.29
9706,0.44
9707,0.12
9708,0.08
9709,0.14
9710,0.37
9711,0.2
9712,0.53
9713,0.09
9714,0.39
9715,0.37
9716,0.26
9717,0.5
9718,0.21
9719,0.31
9720,0.53
9721,0.47
9722,0.29
9723,0.22
9724,0.32
9725,0.39
9726,0.33
9727,0.19
9728,0.42
9729,0.53
9730,0.28
9731,0.41
9732,0.13
9733,0.12
9734,0.36
9735,0.23
9736,0.15
9737,0.41
9738,0.43
9739,0.6
9740,0.49
9741,0.51
9742,0.33
9743,0.39
9744,0.26
9745,0.49
9746,0.32
9747,0.15
9748,0.19
9749,0.25
9750,0.0
9751,0.29
9752,0.19
9753,0.28
9754,0.43
9755,0.22
9756,0.21
9757,0.36
9758,0.26
9759,0.13
9760,0.2
9761,0.23
9762,0.37
9763,0.36
9764,0.47
9765,0.28
9766,0.47
9767,0.36
9768,0.23
9769,0.04
9770,0.21
9771,0.35
9772,0.28
9773,0.25
9774,0.4
9775,0.26
9776,0.27
9777,0.05
9778,0.57
9779,0.34
9780,0.18
9781,0.39
9782,0.11
9783,0.45
9784,0.49
9785,0.14
9786,0.24
9787,0.41
9788,0.5
9789,0.33
9790,0.32
9791,0.39
9792,0.33
9793,0.44
9794,0.19
9795,0.41
9796,0.45
9797,0.42
9798,0.62
9799,0.29
9800,0.34
9801,0.37
9802,0.39
9803,0.3
9804,0.32
9805,0.36
9806,0.29
9807,0.4
9808,0.01
9809,0.37
9810,0.18
9811,0.37
9812,0.17
9813,0.4
9814,0.28
9815,0.4
9816,0.39
9817,0.21
9818,0.32
9819,0.39
9820,0.71
9821,0.24
9822,0.17
9823,0.51
9824,0.39
9825,0.26
9826,0.24
9827,0.23
9828,0.29
9829,0.45
9830,0.1
9831,0.27
9832,0.24
9833,0.5
9834,0.08
9835,0.32
9836,0.0
9837,0.22
9838,0.39
9839,0.15
9840,0.5
9841,0.46
9842,0.45
9843,0.56
9844,0.53
9845,0.45
9846,0.23
9847,0.28
9848,0.29
9849,0.29
9850,0.42
9851,0.43
9852,0.35
9853,0.44
9854,0.18
9855,0.28
9856,0.33
9857,0.32
9858,0.37
9859,0.3
9860,0.6
9861,0.16
9862,0.06
9863,0.0
9864,0.27
9865,0.23
9866,0.27
9867,0.25
9868,0.37
9869,0.57
9870,0.38
9871,0.3
9872,0.44
9873,0.21
9874,0.08
9875,0.22
9876,0.39
9877,0.31
9878,0.21
9879,0.24
9880,0.02
9881,0.17
9882,0.3
9883,0.37
9884,0.06
9885,0.34
9886,0.05
9887,0.12
9888,0.0
9889,0.28
9890,0.31
9891,0.2
9892,0.07
9893,0.28
9894,0.3
9895,0.03
9896,0.45
9897,0.27
9898,0.1
9899,0.25
9900,0.34
9901,0.42
9902,0.12
9903,0.07
9904,0.21
9905,0.48
9906,0.0
9907,0.44
9908,0.27
9909,0.11
9910,0.38
9911,0.15
9912,0.17
9913,0.35
9914,0.29
9915,0.18
9916,0.29
9917,0.19
9918,0.23
9919,0.18
9920,0.31
9921,0.47
9922,0.42
9923,0.33
9924,0.14
9925,0.26
9926,0.41
9927,0.34
9928,0.25
9929,0.45
9930,0.38
9931,0.23
9932,0.33
9933,0.24
9934,0.2
9935,0.43
9936,0.34
9937,0.31
9938,0.16
9939,0.4
9940,0.13
9941,0.35
9942,0.43
9943,0.27
9944,0.48
9945,0.3
9946,0.29
9947,0.54
9948,0.17
9949,0.32
9950,0.11
9951,0.07
9952,0.34
9953,0.31
9954,0.34
9955,0.4
9956,0.0
9957,0.4
9958,0.27
9959,0.2
9960,0.37
9961,0.17
9962,0.42
9963,0.13
9964,0.2
9965,0.19
9966,0.58
9967,0.5
9968,0.43
9969,0.51
9970,0.59
9971,0.51
9972,0.41
9973,0.38
9974,0.23
9975,0.13
9976,0.38
9977,0.34
9978,0.38
9979,0.31
9980,0.46
9981,0.25
9982,0.4
9983,0.27
9984,0.72
9985,0.36
9986,0.27
9987,0.5
9988,0.42
9989,0.19
9990,0.39
9991,0.31
9992,0.39
9993,0.15
9994,0.19
9995,0.27
9996,0.28
9997,0.55
9998,0.25
9999,0.25
10000,0.3
10001,0.32
10002,0.17
10003,0.48
10004,0.17
10005,0.21
10006,0.37
10007,0.37
10008,0.41
10009,0.18
10010,0.24
10011,0.39
10012,0.34
10013,0.32
10014,0.3
10015,0.21
10016,0.34
10017,0.34
10018,0.35
10019,0.44
10020,0.2
10021,0.31
10022,0.18
10023,0.23
10024,0.1
10025,0.07
10026,0.12
10027,0.46
10028,0.42
10029,0.4
10030,0.49
10031,0.66
10032,0.37
10033,0.17
10034,0.34
10035,0.48
10036,0.17
10037,0.36
10038,0.3
10039,0.18
10040,0.34
10041,0.25
10042,0.51
10043,0.18
10044,0.16
10045,0.41
10046,0.32
10047,0.34
10048,0.16
10049,0.36
10050,0.19
10051,0.35
10052,0.25
10053,0.27
10054,0.62
10055,0.36
10056,0.35
10057,0.44
10058,0.06
10059,0.38
10060,0.09
10061,0.15
10062,0.45
10063,0.16
10064,0.18
10065,0.3
10066,0.42
10067,0.39
10068,0.21
10069,0.17
10070,0.48
10071,0.31
10072,0.26
10073,0.3
10074,0.05
10075,0.04
10076,0.28
10077,0.4
10078,0.17
10079,0.14
10080,0.42
10081,0.23
10082,0.35
10083,0.22
10084,0.56
10085,0.36
10086,0.36
10087,0.33
10088,0.56
10089,0.5
10090,0.34
10091,0.26
10092,0.08
10093,0.29
10094,0.46
10095,0.27
10096,0.35
10097,0.15
10098,0.4
10099,0.21
10100,0.2
10101,0.17
10102,0.18
10103,0.3
10104,0.44
10105,0.38
10106,0.3
10107,0.18
10108,0.13
10109,0.33
10110,0.44
10111,0.37
10112,0.29
10113,0.28
10114,0.31
10115,0.34
10116,0.4
10117,0.08
10118,0.22
10119,0.41
10120,0.37
10121,0.27
10122,0.21
10123,0.39
10124,0.24
10125,0.18
10126,0.42
10127,0.5
10128,0.15
10129,0.16
10130,0.33
10131,0.13
10132,0.22
10133,0.32
10134,0.33
10135,0.42
10136,0.4
10137,0.31
10138,0.45
10139,0.37
10140,0.27
10141,0.2
10142,0.26
10143,0.15
10144,0.35
10145,0.17
10146,0.38
10147,0.55
10148,0.3
10149,0.46
10150,0.4
10151,0.35
10152,0.49
10153,0.11
10154,0.25
10155,0.46
10156,0.11
10157,0.25
10158,0.24
10159,0.3
10160,0.39
10161,0.31
10162,0.0
10163,0.33
10164,0.15
10165,0.27
10166,0.38
10167,0.48
10168,0.38
10169,0.35
10170,0.26
10171,0.05
10172,0.37
10173,0.46
10174,0.17
10175,0.23
10176,0.37
10177,0.26
10178,0.38
10179,0.51
10180,0.26
10181,0.26
10182,0.33
10183,0.38
10184,0.32
10185,0.58
10186,0.07
10187,0.51
10188,0.65
10189,0.23
10190,0.16
10191,0.25
10192,0.18
10193,0.38
10194,0.22
10195,0.31
10196,0.1
10197,0.35
10198,0.32
10199,0.38
10200,0.24
10201,0.42
10202,0.11
10203,0.21
10204,0.38
10205,0.56
10206,0.51
10207,0.41
10208,0.28
10209,0.39
10210,0.38
10211,0.39
10212,0.45
10213,0.33
10214,0.21
10215,0.32
10216,0.28
10217,0.25
10218,0.46
10219,0.56
10220,0.3
10221,0.54
10222,0.23
10223,0.41
10224,0.34
10225,0.33
10226,0.29
10227,0.56
10228,0.14
10229,0.12
10230,0.32
10231,0.18
10232,0.57
10233,0.53
10234,0.09
10235,0.14
10236,0.28
10237,0.5
10238,0.36
10239,0.36
10240,0.58
10241,0.43
10242,0.16
10243,0.29
10244,0.61
10245,0.24
10246,0.5
10247,0.1
10248,0.24
10249,0.37
10250,0.14
10251,0.27
10252,0.14
10253,0.55
10254,0.22
10255,0.37
10256,0.26
10257,0.17
10258,0.05
10259,0.2
10260,0.12
10261,0.12
10262,0.53
10263,0.43
10264,0.4
10265,0.44
10266,0.68
10267,0.36
10268,0.26
10269,0.26
10270,0.18
10271,0.25
10272,0.25
10273,0.44
10274,0.43
10275,0.18
10276,0.29
10277,0.24
10278,0.07
10279,0.38
10280,0.43
10281,0.56
10282,0.4
10283,0.24
10284,0.3
10285,0.36
10286,0.32
10287,0.4
10288,0.44
10289,0.12
10290,0.4
10291,0.25
10292,0.3
10293,0.11
10294,0.28
10295,0.39
10296,0.56
10297,0.44
10298,0.48
10299,0.06
10300,0.22
10301,0.27
10302,0.48
10303,0.58
10304,0.19
10305,0.09
10306,0.3
10307,0.42
10308,0.45
10309,0.39
10310,0.45
10311,0.24
10312,0.14
10313,0.63
10314,0.07
10315,0.36
10316,0.0
10317,0.22
10318,0.48
10319,0.15
10320,0.33
10321,0.46
10322,0.12
10323,0.29
10324,0.22
10325,0.46
10326,0.33
10327,0.18
10328,0.27
10329,0.4
10330,0.59
10331,0.31
10332,0.26
10333,0.19
10334,0.26
10335,0.3
10336,0.24
10337,0.35
10338,0.15
10339,0.27
10340,0.3
10341,0.36
10342,0.48
10343,0.13
10344,0.42
10345,0.35
10346,0.28
10347,0.29
10348,0.32
10349,0.29
10350,0.27
10351,0.53
10352,0.26
10353,0.46
10354,0.4
10355,0.38
10356,0.4
10357,0.17
10358,0.16
10359,0.24
10360,0.4
10361,0.22
10362,0.4
10363,0.25
10364,0.57
10365,0.4
10366,0.19
10367,0.08
10368,0.46
10369,0.29
10370,0.27
10371,0.33
10372,0.23
10373,0.55
10374,0.32
10375,0.47
10376,0.44
10377,0.13
10378,0.28
10379,0.41
10380,0.28
10381,0.33
10382,0.32
10383,0.44
10384,0.26
10385,0.42
10386,0.43
10387,0.55
10388,0.38
10389,0.11
10390,0.45
10391,0.33
10392,0.51
10393,0.36
10394,0.12
10395,0.11
10396,0.4
10397,0.23
10398,0.21
10399,0.18
10400,0.07
10401,0.46
10402,0.22
10403,0.4
10404,0.57
10405,0.32
10406,0.09
10407,0.24
10408,0.18
10409,0.26
10410,0.36
10411,0.06
10412,0.14
10413,0.29
10414,0.37
10415,0.33
10416,0.13
10417,0.19
10418,0.33
10419,0.27
10420,0.34
10421,0.43
10422,0.46
10423,0.17
10424,0.24
10425,0.16
10426,0.67
10427,0.23
10428,0.32
10429,0.35
10430,0.33
10431,0.41
10432,0.11
10433,0.04
10434,0.5
10435,0.64
10436,0.3
10437,0.14
10438,0.42
10439,0.38
10440,0.29
10441,0.09
10442,0.25
10443,0.43
10444,0.09
10445,0.44
10446,0.54
10447,0.48
10448,0.31
10449,0.52
10450,0.48
10451,0.27
10452,0.1
10453,0.2
10454,0.29
10455,0.04
10456,0.35
10457,0.51
10458,0.28
10459,0.37
10460,0.23
10461,0.28
10462,0.31
10463,0.36
10464,0.3
10465,0.43
10466,0.37
10467,0.29
10468,0.33
10469,0.53
10470,0.38
10471,0.32
10472,0.18
10473,0.37
10474,0.34
10475,0.36
10476,0.28
10477,0.21
10478,0.04
10479,0.27
10480,0.33
10481,0.39
10482,0.27
10483,0.45
10484,0.4
10485,0.42
10486,0.27
10487,0.41
10488,0.07
10489,0.27
10490,0.3
10491,0.35
10492,0.3
10493,0.44
10494,0.32
10495,0.31
10496,0.27
10497,0.2
10498,0.37
10499,0.38
10500,0.55
10501,0.36
10502,0.23
10503,0.0
10504,0.34
10505,0.44
10506,0.0
10507,0.35
10508,0.49
10509,0.28
10510,0.62
10511,0.26
10512,0.49
10513,0.05
10514,0.25
10515,0.47
10516,0.18
10517,0.4
10518,0.25
10519,0.4
10520,0.21
10521,0.27
10522,0.43
10523,0.23
10524,0.43
10525,0.41
10526,0.33
10527,0.35
10528,0.25
10529,0.14
10530,0.34
10531,0.23
10532,0.28
10533,0.55
10534,0.23
10535,0.44
10536,0.45
10537,0.43
10538,0.63
10539,0.23
10540,0.18
10541,0.42
10542,0.02
10543,0.3
10544,0.41
10545,0.23
10546,0.27
10547,0.28
10548,0.19
10549,0.29
10550,0.15
10551,0.31
10552,0.33
10553,0.23
10554,0.32
10555,0.28
10556,0.55
10557,0.41
10558,0.34
10559,0.16
10560,0.5
10561,0.21
10562,0.32
10563,0.21
10564,0.51
10565,0.34
10566,0.37
10567,0.49
10568,0.31
10569,0.22
10570,0.41
10571,0.4
10572,0.0
10573,0.4
10574,0.33
10575,0.35
10576,0.09
10577,0.07
10578,0.42
10579,0.41
10580,0.22
10581,0.35
10582,0.5
10583,0.54
10584,0.39
10585,0.14
10586,0.58
10587,0.51
10588,0.14
10589,0.22
10590,0.44
10591,0.07
10592,0.29
10593,0.39
10594,0.61
10595,0.26
10596,0.34
10597,0.19
10598,0.28
10599,0.43
10600,0.5
10601,0.6
10602,0.28
10603,0.27
10604,0.29
10605,0.34
10606,0.26
10607,0.43
10608,0.0
10609,0.26
10610,0.35
10611,0.21
10612,0.4
10613,0.32
10614,0.37
10615,0.31
10616,0.51
10617,0.34
10618,0.36
10619,0.42
10620,0.27
10621,0.19
10622,0.22
10623,0.1
10624,0.42
10625,0.31
10626,0.32
10627,0.54
10628,0.07
10629,0.29
10630,0.17
10631,0.14
10632,0.32
10633,0.26
10634,0.3
10635,0.28
10636,0.32
10637,0.25
10638,0.0
10639,0.12
10640,0.1
10641,0.29
10642,0.33
10643,0.37
10644,0.43
10645,0.35
10646,0.27
10647,0.2
10648,0.4
10649,0.32
10650,0.37
10651,0.21
10652,0.38
10653,0.32
10654,0.47
10655,0.24
10656,0.53
10657,0.41
10658,0.34
10659,0.24
10660,0.31
10661,0.09
10662,0.13
10663,0.39
10664,0.22
10665,0.49
10666,0.32
10667,0.16
10668,0.16
10669,0.06
10670,0.37
10671,0.38
10672,0.35
10673,0.36
10674,0.2
10675,0.57
10676,0.12
10677,0.36
10678,0.24
10679,0.34
10680,0.32
10681,0.33
10682,0.24
10683,0.2
10684,0.12
10685,0.26
10686,0.32
10687,0.24
10688,0.24
10689,0.23
10690,0.37
10691,0.27
10692,0.32
10693,0.48
10694,0.25
10695,0.21
10696,0.33
10697,0.26
10698,0.31
10699,0.3
10700,0.18
10701,0.49
10702,0.0
10703,0.41
10704,0.55
10705,0.37
10706,0.41
10707,0.13
10708,0.29
10709,0.4
10710,0.14
10711,0.15
10712,0.1
10713,0.31
10714,0.25
10715,0.37
10716,0.76
10717,0.66
10718,0.35
10719,0.13
10720,0.3
10721,0.26
10722,0.29
10723,0.23
10724,0.25
10725,0.3
10726,0.4
10727,0.32
10728,0.39
10729,0.44
10730,0.49
10731,0.33
10732,0.2
10733,0.07
10734,0.1
10735,0.48
10736,0.37
10737,0.3
10738,0.3
10739,0.24
10740,0.39
10741,0.42
10742,0.16
10743,0.38
10744,0.51
10745,0.27
10746,0.41
10747,0.2
10748,0.37
10749,0.36
10750,0.39
10751,0.48
10752,0.36
10753,0.6
10754,0.25
10755,0.28
10756,0.43
10757,0.33
10758,0.24
10759,0.27
10760,0.45
10761,0.17
10762,0.51
10763,0.17
10764,0.33
10765,0.47
10766,0.29
10767,0.29
10768,0.55
10769,0.35
10770,0.36
10771,0.27
10772,0.45
10773,0.24
10774,0.28
10775,0.3
10776,0.24
10777,0.15
10778,0.32
10779,0.34
10780,0.3
10781,0.15
10782,0.45
10783,0.39
10784,0.3
10785,0.13
10786,0.37
10787,0.28
10788,0.13
10789,0.2
10790,0.24
10791,0.48
10792,0.34
10793,0.4
10794,0.15
10795,0.0
10796,0.19
10797,0.28
10798,0.21
10799,0.3
10800,0.33
10801,0.16
10802,0.07
10803,0.5
10804,0.36
10805,0.28
10806,0.26
10807,0.41
10808,0.37
10809,0.41
10810,0.16
10811,0.28
10812,0.17
10813,0.15
10814,0.45
10815,0.45
10816,0.19
10817,0.3
10818,0.28
10819,0.47
10820,0.4
10821,0.54
10822,0.38
10823,0.32
10824,0.44
10825,0.15
10826,0.18
10827,0.48
10828,0.59
10829,0.42
10830,0.34
10831,0.28
10832,0.25
10833,0.14
10834,0.37
10835,0.34
10836,0.38
10837,0.34
10838,0.28
10839,0.22
10840,0.44
10841,0.28
10842,0.28
10843,0.38
10844,0.55
10845,0.24
10846,0.51
10847,0.33
10848,0.18
10849,0.17
10850,0.33
10851,0.2
10852,0.44
10853,0.38
10854,0.3
10855,0.15
10856,0.41
10857,0.4
10858,0.43
10859,0.55
10860,0.21
10861,0.46
10862,0.45
10863,0.19
10864,0.25
10865,0.13
10866,0.18
10867,0.26
10868,0.24
10869,0.57
10870,0.29
10871,0.01
10872,0.43
10873,0.28
10874,0.19
10875,0.35
10876,0.17
10877,0.36
10878,0.0
10879,0.29
10880,0.28
10881,0.33
10882,0.04
10883,0.16
10884,0.15
10885,0.37
10886,0.0
10887,0.21
10888,0.23
10889,0.13
10890,0.08
10891,0.22
10892,0.39
10893,0.38
10894,0.19
10895,0.45
10896,0.32
10897,0.4
10898,0.32
10899,0.24
10900,0.15
10901,0.17
10902,0.42
10903,0.28
10904,0.3
10905,0.37
10906,0.26
10907,0.24
10908,0.35
10909,0.52
10910,0.32
10911,0.45
10912,0.48
10913,0.39
10914,0.23
10915,0.0
10916,0.0
10917,0.28
10918,0.52
10919,0.39
10920,0.36
10921,0.53
10922,0.24
10923,0.21
10924,0.22
10925,0.19
10926,0.28
10927,0.62
10928,0.42
10929,0.52
10930,0.33
10931,0.5
10932,0.14
10933,0.42
10934,0.21
10935,0.24
10936,0.42
10937,0.37
10938,0.23
10939,0.4
10940,0.17
10941,0.42
10942,0.37
10943,0.22
10944,0.36
10945,0.39
10946,0.36
10947,0.4
10948,0.32
10949,0.46
10950,0.34
10951,0.3
10952,0.55
10953,0.22
10954,0.3
10955,0.29
10956,0.07
10957,0.25
10958,0.46
10959,0.18
10960,0.56
10961,0.05
10962,0.26
10963,0.37
10964,0.47
10965,0.23
10966,0.13
10967,0.02
10968,0.36
10969,0.44
10970,0.17
10971,0.42
10972,0.0
10973,0.1
10974,0.13
10975,0.19
10976,0.65
10977,0.28
10978,0.47
10979,0.37
10980,0.3
10981,0.39
10982,0.14
10983,0.46
10984,0.1
10985,0.45
10986,0.17
10987,0.4
10988,0.05
10989,0.39
10990,0.32
10991,0.12
10992,0.32
10993,0.5
10994,0.41
10995,0.07
10996,0.33
10997,0.2
10998,0.21
10999,0.07
11000,0.35
11001,0.2
11002,0.16
11003,0.31
11004,0.2
11005,0.2
11006,0.43
11007,0.03
11008,0.21
11009,0.01
11010,0.37
11011,0.08
11012,0.4
11013,0.5
11014,0.08
11015,0.28
11016,0.2
11017,0.28
11018,0.27
11019,0.26
11020,0.13
11021,0.18
11022,0.33
11023,0.23
11024,0.37
11025,0.3
11026,0.58
11027,0.0
11028,0.0
11029,0.5
11030,0.11
11031,0.26
11032,0.37
11033,0.32
11034,0.21
11035,0.07
11036,0.19
11037,0.41
11038,0.39
11039,0.21
11040,0.34
11041,0.22
11042,0.06
11043,0.16
11044,0.48
11045,0.16
11046,0.25
11047,0.22
11048,0.28
11049,0.14
11050,0.21
11051,0.44
11052,0.12
11053,0.64
11054,0.31
11055,0.45
11056,0.21
11057,0.28
11058,0.26
11059,0.3
11060,0.26
11061,0.56
11062,0.22
11063,0.1
11064,0.26
11065,0.35
11066,0.18
11067,0.29
11068,0.31
11069,0.47
11070,0.12
11071,0.18
11072,0.4
11073,0.23
11074,0.29
11075,0.24
11076,0.29
11077,0.35
11078,0.37
11079,0.58
11080,0.85
11081,0.27
11082,0.33
11083,0.3
11084,0.33
11085,0.0
11086,0.35
11087,0.28
11088,0.1
11089,0.25
11090,0.38
11091,0.19
11092,0.09
11093,0.17
11094,0.36
11095,0.06
11096,0.24
11097,0.25
11098,0.22
11099,0.48
11100,0.36
11101,0.1
11102,0.37
11103,0.41
11104,0.33
11105,0.16
11106,0.25
11107,0.39
11108,0.59
11109,0.28
11110,0.22
11111,0.21
11112,0.3
11113,0.24
11114,0.07
11115,0.1
11116,0.51
11117,0.35
11118,0.4
11119,0.43
11120,0.4
11121,0.17
11122,0.25
11123,0.13
11124,0.18
11125,0.11
11126,0.31
11127,0.42
11128,0.35
11129,0.34
11130,0.39
11131,0.43
11132,0.35
11133,0.42
11134,0.37
11135,0.21
11136,0.41
11137,0.47
11138,0.3
11139,0.1
11140,0.25
11141,0.65
11142,0.06
11143,0.3
11144,0.28
11145,0.31
11146,0.51
11147,0.3
11148,0.39
11149,0.39
11150,0.28
11151,0.25
11152,0.46
11153,0.24
11154,0.4
11155,0.32
11156,0.17
11157,0.35
11158,0.34
11159,0.44
11160,0.23
11161,0.26
11162,0.22
11163,0.31
11164,0.46
11165,0.3
11166,0.37
11167,0.32
11168,0.54
11169,0.29
11170,0.36
11171,0.39
11172,0.32
11173,0.23
11174,0.28
11175,0.26
11176,0.04
11177,0.38
11178,0.0
11179,0.18
11180,0.34
11181,0.37
11182,0.39
11183,0.28
11184,0.32
11185,0.4
11186,0.4
11187,0.21
11188,0.42
11189,0.44
11190,0.18
11191,0.28
11192,0.32
11193,0.42
11194,0.24
11195,0.25
11196,0.32
11197,0.24
11198,0.47
11199,0.14
11200,0.37
11201,0.14
11202,0.23
11203,0.27
11204,0.29
11205,0.42
11206,0.46
11207,0.07
11208,0.26
11209,0.06
11210,0.17
11211,0.36
11212,0.07
11213,0.29
11214,0.22
11215,0.56
11216,0.38
11217,0.18
11218,0.67
11219,0.17
11220,0.3
11221,0.28
11222,0.24
11223,0.28
11224,0.54
11225,0.27
11226,0.1
11227,0.47
11228,0.21
11229,0.29
11230,0.41
11231,0.33
11232,0.3
11233,0.3
11234,0.38
11235,0.33
11236,0.42
11237,0.28
11238,0.01
11239,0.41
11240,0.17
11241,0.0
11242,0.15
11243,0.15
11244,0.35
11245,0.22
11246,0.23
11247,0.24
11248,0.31
11249,0.0
11250,0.01
11251,0.46
11252,0.29
11253,0.5
11254,0.35
11255,0.23
11256,0.39
11257,0.22
11258,0.31
11259,0.45
11260,0.39
11261,0.34
11262,0.3
11263,0.3
11264,0.02
11265,0.36
11266,0.11
11267,0.1
11268,0.33
11269,0.47
11270,0.13
11271,0.23
11272,0.33
11273,0.46
11274,0.5
11275,0.22
11276,0.44
11277,0.29
11278,0.41
11279,0.13
11280,0.17
11281,0.41
11282,0.47
11283,0.17
11284,0.39
11285,0.37
11286,0.04
11287,0.28
11288,0.38
11289,0.48
11290,0.38
11291,0.16
11292,0.4
11293,0.28
11294,0.26
11295,0.34
11296,0.14
11297,0.19
11298,0.23
11299,0.24
11300,0.11
11301,0.24
11302,0.31
11303,0.15
11304,0.35
11305,0.43
11306,0.11
11307,0.01
11308,0.11
11309,0.23
11310,0.51
11311,0.34
11312,0.25
11313,0.19
11314,0.42
11315,0.33
11316,0.3
11317,0.33
11318,0.5
11319,0.55
11320,0.45
11321,0.1
11322,0.16
11323,0.43
11324,0.16
11325,0.39
11326,0.37
11327,0.3
11328,0.72
11329,0.22
11330,0.46
11331,0.49
11332,0.49
11333,0.43
11334,0.2
11335,0.43
11336,0.42
11337,0.18
11338,0.43
11339,0.37
11340,0.23
11341,0.51
11342,0.24
11343,0.29
11344,0.39
11345,0.45
11346,0.64
11347,0.24
11348,0.28
11349,0.12
11350,0.3
11351,0.09
11352,0.41
11353,0.17
11354,0.25
11355,0.14
11356,0.27
11357,0.16
11358,0.42
11359,0.16
11360,0.41
11361,0.45
11362,0.45
11363,0.42
11364,0.07
11365,0.19
11366,0.24
11367,0.19
11368,0.27
11369,0.23
11370,0.43
11371,0.19
11372,0.28
11373,0.32
11374,0.37
11375,0.18
11376,0.45
11377,0.7
11378,0.34
11379,0.14
11380,0.33
11381,0.41
11382,0.22
11383,0.13
11384,0.2
11385,0.09
11386,0.28
11387,0.43
11388,0.37
11389,0.13
11390,0.32
11391,0.13
11392,0.23
11393,0.58
11394,0.45
11395,0.29
11396,0.49
11397,0.46
11398,0.24
11399,0.46
11400,0.29
11401,0.56
11402,0.44
11403,0.18
11404,0.02
11405,0.24
11406,0.34
11407,0.41
11408,0.2
11409,0.36
11410,0.27
11411,0.22
11412,0.38
11413,0.14
11414,0.28
11415,0.4
11416,0.13
11417,0.47
11418,0.01
11419,0.51
11420,0.2
11421,0.29
11422,0.18
11423,0.1
11424,0.4
11425,0.05
11426,0.25
11427,0.3
11428,0.5
11429,0.03
11430,0.15
11431,0.43
11432,0.47
11433,0.23
11434,0.25
11435,0.16
11436,0.48
11437,0.21
11438,0.34
11439,0.36
11440,0.16
11441,0.44
11442,0.12
11443,0.45
11444,0.38
11445,0.11
11446,0.43
11447,0.09
11448,0.39
11449,0.17
11450,0.42
11451,0.35
11452,0.32
11453,0.37
11454,0.35
11455,0.36
11456,0.23
11457,0.2
11458,0.17
11459,0.09
11460,0.52
11461,0.29
11462,0.17
11463,0.41
11464,0.2
11465,0.69
11466,0.21
11467,0.4
11468,0.26
11469,0.24
11470,0.39
11471,0.41
11472,0.25
11473,0.33
11474,0.29
11475,0.54
11476,0.54
11477,0.38
11478,0.3
11479,0.38
11480,0.27
11481,0.31
11482,0.22
11483,0.56
11484,0.37
11485,0.24
11486,0.15
11487,0.23
11488,0.4
11489,0.22
11490,0.15
11491,0.58
11492,0.09
11493,0.43
11494,0.09
11495,0.46
11496,0.46
11497,0.48
11498,0.0
11499,0.27
11500,0.12
11501,0.51
11502,0.38
11503,0.15
11504,0.37
11505,0.47
11506,0.17
11507,0.0
11508,0.36
11509,0.18
11510,0.08
11511,0.32
11512,0.21
11513,0.27
11514,0.32
11515,0.44
11516,0.1
11517,0.38
11518,0.25
11519,0.23
11520,0.2
11521,0.19
11522,0.15
11523,0.25
11524,0.39
11525,0.17
11526,0.47
11527,0.2
11528,0.2
11529,0.28
11530,0.13
11531,0.47
11532,0.14
11533,0.34
11534,0.31
11535,0.0
11536,0.28
11537,0.43
11538,0.42
11539,0.23
11540,0.35
11541,0.28
11542,0.38
11543,0.07
11544,0.14
11545,0.37
11546,0.19
11547,0.47
11548,0.36
11549,0.4
11550,0.52
11551,0.35
11552,0.28
11553,0.28
11554,0.11
11555,0.41
11556,0.25
11557,0.2
11558,0.35
11559,0.31
11560,0.32
11561,0.18
11562,0.4
11563,0.4
11564,0.37
11565,0.35
11566,0.16
11567,0.34
11568,0.22
11569,0.6
11570,0.27
11571,0.38
11572,0.4
11573,0.23
11574,0.34
11575,0.28
11576,0.34
11577,0.46
11578,0.27
11579,0.23
11580,0.3
11581,0.36
11582,0.25
11583,0.27
11584,0.0
11585,0.45
11586,0.16
11587,0.1
11588,0.01
11589,0.23
11590,0.58
11591,0.31
11592,0.35
11593,0.16
11594,0.51
11595,0.33
11596,0.05
11597,0.26
11598,0.51
11599,0.32
11600,0.24
11601,0.13
11602,0.17
11603,0.35
11604,0.5
11605,0.01
11606,0.31
11607,0.35
11608,0.11
11609,0.45
11610,0.34
11611,0.36
11612,0.0
11613,0.16
11614,0.29
11615,0.09
11616,0.38
11617,0.38
11618,0.37
11619,0.34
11620,0.32
11621,0.31
11622,0.49
11623,0.2
11624,0.27
11625,0.21
11626,0.15
11627,0.29
11628,0.41
11629,0.29
11630,0.3
11631,0.17
11632,0.36
11633,0.21
11634,0.0
11635,0.31
11636,0.0
11637,0.22
11638,0.4
11639,0.4
11640,0.28
11641,0.2
11642,0.27
11643,0.24
11644,0.3
11645,0.48
11646,0.5
11647,0.59
11648,0.16
11649,0.19
11650,0.39
11651,0.52
11652,0.19
11653,0.42
11654,0.5
11655,0.45
11656,0.54
11657,0.21
11658,0.23
11659,0.43
11660,0.22
11661,0.31
11662,0.09
11663,0.17
11664,0.28
11665,0.39
11666,0.07
11667,0.34
11668,0.51
11669,0.26
11670,0.29
11671,0.58
11672,0.24
11673,0.26
11674,0.66
11675,0.4
11676,0.33
11677,0.39
11678,0.34
11679,0.39
11680,0.43
11681,0.35
11682,0.27
11683,0.28
11684,0.31
11685,0.21
11686,0.31
11687,0.35
11688,0.45
11689,0.38
11690,0.27
11691,0.42
11692,0.24
11693,0.54
11694,0.44
11695,0.28
11696,0.14
11697,0.28
11698,0.24
11699,0.39
11700,0.43
11701,0.54
11702,0.56
11703,0.29
11704,0.48
11705,0.25
11706,0.02
11707,0.48
11708,0.33
11709,0.35
11710,0.36
11711,0.25
11712,0.28
11713,0.2
11714,0.52
11715,0.2
11716,0.31
11717,0.4
11718,0.4
11719,0.08
11720,0.19
11721,0.54
11722,0.19
11723,0.26
11724,0.4
11725,0.13
11726,0.37
11727,0.36
11728,0.33
11729,0.56
11730,0.16
11731,0.35
11732,0.45
11733,0.38
11734,0.39
11735,0.16
11736,0.34
11737,0.47
11738,0.26
11739,0.25
11740,0.21
11741,0.54
11742,0.37
11743,0.34
11744,0.54
11745,0.28
11746,0.17
11747,0.24
11748,0.15
11749,0.1
11750,0.46
11751,0.21
11752,0.28
11753,0.38
11754,0.16
11755,0.13
11756,0.06
11757,0.61
11758,0.38
11759,0.1
11760,0.25
11761,0.34
11762,0.31
11763,0.57
11764,0.38
11765,0.27
11766,0.54
11767,0.24
11768,0.26
11769,0.06
11770,0.62
11771,0.21
11772,0.29
11773,0.54
11774,0.36
11775,0.44
11776,0.44
11777,0.31
11778,0.43
11779,0.31
11780,0.36
11781,0.37
11782,0.37
11783,0.0
11784,0.2
11785,0.21
11786,0.43
11787,0.38
11788,0.24
11789,0.62
11790,0.11
11791,0.39
11792,0.37
11793,0.34
11794,0.32
11795,0.49
11796,0.16
11797,0.37
11798,0.38
11799,0.24
11800,0.25
11801,0.13
11802,0.38
11803,0.58
11804,0.09
11805,0.4
11806,0.36
11807,0.19
11808,0.25
11809,0.25
11810,0.38
11811,0.38
11812,0.34
11813,0.21
11814,0.16
11815,0.27
11816,0.34
11817,0.48
11818,0.47
11819,0.0
11820,0.42
11821,0.12
11822,0.45
11823,0.28
11824,0.38
11825,0.41
11826,0.42
11827,0.31
11828,0.22
11829,0.2
11830,0.37
11831,0.24
11832,0.27
11833,0.22
11834,0.3
11835,0.41
11836,0.45
11837,0.18
11838,0.26
11839,0.24
11840,0.41
11841,0.17
11842,0.3
11843,0.2
11844,0.38
11845,0.43
11846,0.39
11847,0.34
11848,0.18
11849,0.07
11850,0.26
11851,0.31
11852,0.27
11853,0.09
11854,0.41
11855,0.34
11856,0.26
11857,0.06
11858,0.19
11859,0.45
11860,0.0
11861,0.16
11862,0.37
11863,0.11
11864,0.28
11865,0.5
11866,0.42
11867,0.64
11868,0.26
11869,0.29
11870,0.33
11871,0.17
11872,0.39
11873,0.37
11874,0.44
11875,0.22
11876,0.46
11877,0.35
11878,0.14
11879,0.55
11880,0.22
11881,0.33
11882,0.2
11883,0.4
11884,0.33
11885,0.59
11886,0.53
11887,0.22
11888,0.43
11889,0.24
11890,0.34
11891,0.41
11892,0.28
11893,0.4
11894,0.35
11895,0.48
11896,0.43
11897,0.18
11898,0.33
11899,0.13
11900,0.25
11901,0.14
11902,0.22
11903,0.37
11904,0.32
11905,0.5
11906,0.37
11907,0.34
11908,0.35
11909,0.36
11910,0.08
11911,0.39
11912,0.37
11913,0.22
11914,0.09
11915,0.33
11916,0.35
11917,0.41
11918,0.22
11919,0.49
11920,0.22
11921,0.22
11922,0.49
11923,0.45
11924,0.42
11925,0.41
11926,0.3
11927,0.01
11928,0.55
11929,0.26
11930,0.39
11931,0.37
11932,0.45
11933,0.33
11934,0.29
11935,0.52
11936,0.56
11937,0.29
11938,0.38
11939,0.48
11940,0.33
11941,0.29
11942,0.47
11943,0.19
11944,0.26
11945,0.42
11946,0.77
11947,0.11
11948,0.16
11949,0.1
11950,0.62
11951,0.06
11952,0.24
11953,0.1
11954,0.26
11955,0.21
11956,0.34
11957,0.53
11958,0.33
11959,0.32
11960,0.24
11961,0.41
11962,0.23
11963,0.46
11964,0.25
11965,0.0
11966,0.38
11967,0.32
11968,0.3
11969,0.25
11970,0.22
11971,0.31
11972,0.3
11973,0.21
11974,0.19
11975,0.31
11976,0.3
11977,0.4
11978,0.22
11979,0.35
11980,0.12
11981,0.29
11982,0.56
11983,0.24
11984,0.26
11985,0.34
11986,0.12
11987,0.31
11988,0.1
11989,0.38
11990,0.28
11991,0.42
11992,0.15
11993,0.2
11994,0.3
11995,0.37
11996,0.26
11997,0.33
11998,0.34
11999,0.28
12000,0.19
12001,0.57
12002,0.51
12003,0.54
12004,0.27
12005,0.44
12006,0.24
12007,0.53
12008,0.22
12009,0.47
12010,0.14
12011,0.12
12012,0.34
12013,0.32
12014,0.14
12015,0.53
12016,0.3
12017,0.38
12018,0.18
12019,0.19
12020,0.44
12021,0.25
12022,0.51
12023,0.35
12024,0.24
12025,0.43
12026,0.35
12027,0.25
12028,0.48
12029,0.29
12030,0.3
12031,0.23
12032,0.38
12033,0.64
12034,0.16
12035,0.3
12036,0.32
12037,0.58
12038,0.41
12039,0.36
12040,0.32
12041,0.49
12042,0.44
12043,0.03
12044,0.36
12045,0.33
12046,0.42
12047,0.42
12048,0.09
12049,0.47
12050,0.33
12051,0.24
12052,0.33
12053,0.07
12054,0.25
12055,0.09
12056,0.24
12057,0.08
12058,0.18
12059,0.27
12060,0.18
12061,0.32
12062,0.3
12063,0.01
12064,0.47
12065,0.44
12066,0.06
12067,0.41
12068,0.13
12069,0.29
12070,0.34
12071,0.41
12072,0.17
12073,0.44
12074,0.37
12075,0.39
12076,0.48
12077,0.45
12078,0.17
12079,0.3
12080,0.5
12081,0.34
12082,0.33
12083,0.37
12084,0.26
12085,0.42
12086,0.29
12087,0.24
12088,0.27
12089,0.05
12090,0.42
12091,0.06
12092,0.27
12093,0.09
12094,0.39
12095,0.45
12096,0.29
12097,0.41
12098,0.34
12099,0.37
12100,0.51
12101,0.52
12102,0.23
12103,0.19
12104,0.51
12105,0.28
12106,0.31
12107,0.22
12108,0.28
12109,0.26
12110,0.37
12111,0.32
12112,0.52
12113,0.55
12114,0.14
12115,0.4
12116,0.18
12117,0.4
12118,0.19
12119,0.06
12120,0.21
12121,0.38
12122,0.37
12123,0.4
12124,0.35
12125,0.12
12126,0.07
12127,0.39
12128,0.56
12129,0.57
12130,0.14
12131,0.22
12132,0.41
12133,0.44
12134,0.38
12135,0.28
12136,0.43
12137,0.32
12138,0.23
12139,0.3
12140,0.56
12141,0.31
12142,0.52
12143,0.4
12144,0.37
12145,0.24
12146,0.06
12147,0.28
12148,0.26
12149,0.26
12150,0.18
12151,0.32
12152,0.67
12153,0.26
12154,0.31
12155,0.58
12156,0.2
12157,0.38
12158,0.3
12159,0.31
12160,0.23
12161,0.43
12162,0.58
12163,0.16
12164,0.25
12165,0.63
12166,0.04
12167,0.14
12168,0.59
12169,0.19
12170,0.37
12171,0.31
12172,0.33
12173,0.44
12174,0.52
12175,0.12
12176,0.24
12177,0.37
12178,0.1
12179,0.34
12180,0.09
12181,0.34
12182,0.0
12183,0.49
12184,0.59
12185,0.18
12186,0.3
12187,0.13
12188,0.18
12189,0.45
12190,0.5
12191,0.17
12192,0.28
12193,0.17
12194,0.25
12195,0.22
12196,0.4
12197,0.28
12198,0.45
12199,0.4
12200,0.12
12201,0.52
12202,0.45
12203,0.02
12204,0.38
12205,0.21
12206,0.22
12207,0.17
12208,0.5
12209,0.26
12210,0.14
12211,0.36
12212,0.33
12213,0.38
12214,0.02
12215,0.11
12216,0.16
12217,0.34
12218,0.48
12219,0.2
12220,0.23
12221,0.35
12222,0.14
12223,0.12
12224,0.26
12225,0.27
12226,0.18
12227,0.45
12228,0.43
12229,0.45
12230,0.07
12231,0.2
12232,0.14
12233,0.1
12234,0.2
12235,0.37
12236,0.66
12237,0.19
12238,0.46
12239,0.61
12240,0.72
12241,0.24
12242,0.1
12243,0.39
12244,0.28
12245,0.19
12246,0.44
12247,0.33
12248,0.26
12249,0.38
12250,0.44
12251,0.22
12252,0.35
12253,0.16
12254,0.21
12255,0.17
12256,0.19
12257,0.28
12258,0.4
12259,0.21
12260,0.43
12261,0.53
12262,0.06
12263,0.0
12264,0.42
12265,0.43
12266,0.13
12267,0.31
12268,0.3
12269,0.48
12270,0.5
12271,0.46
12272,0.21
12273,0.28
12274,0.46
12275,0.53
12276,0.1
12277,0.38
12278,0.22
12279,0.6
12280,0.37
12281,0.14
12282,0.24
12283,0.36
12284,0.28
12285,0.48
12286,0.29
12287,0.32
12288,0.21
12289,0.12
12290,0.49
12291,0.18
12292,0.18
12293,0.14
12294,0.26
12295,0.12
12296,0.31
12297,0.54
12298,0.01
12299,0.12
12300,0.4
12301,0.28
12302,0.28
12303,0.22
12304,0.29
12305,0.14
12306,0.22
12307,0.25
12308,0.29
12309,0.14
12310,0.09
12311,0.42
12312,0.52
12313,0.2
12314,0.2
12315,0.15
12316,0.43
12317,0.13
12318,0.27
12319,0.53
12320,0.36
12321,0.49
12322,0.4
12323,0.29
12324,0.2
12325,0.23
12326,0.36
12327,0.1
12328,0.35
12329,0.27
12330,0.0
12331,0.14
12332,0.0
12333,0.21
12334,0.35
12335,0.18
12336,0.49
12337,0.36
12338,0.32
12339,0.3
12340,0.2
12341,0.43
12342,0.32
12343,0.32
12344,0.62
12345,0.57
12346,0.22
12347,0.4
12348,0.26
12349,0.23
12350,0.17
12351,0.49
12352,0.53
12353,0.17
12354,0.29
12355,0.34
12356,0.52
12357,0.16
12358,0.32
12359,0.31
12360,0.44
12361,0.4
12362,0.47
12363,0.38
12364,0.2
12365,0.46
12366,0.03
12367,0.37
12368,0.14
12369,0.53
12370,0.47
12371,0.14
12372,0.4
12373,0.36
12374,0.32
12375,0.39
12376,0.15
12377,0.37
12378,0.38
12379,0.39
12380,0.11
12381,0.28
12382,0.3
12383,0.36
12384,0.41
12385,0.18
12386,0.22
12387,0.25
12388,0.24
12389,0.26
12390,0.17
12391,0.31
12392,0.27
12393,0.39
12394,0.04
12395,0.3
12396,0.44
12397,0.19
12398,0.54
12399,0.46
12400,0.63
12401,0.26
12402,0.25
12403,0.2
12404,0.37
12405,0.37
12406,0.62
12407,0.03
12408,0.01
12409,0.37
12410,0.46
12411,0.37
12412,0.19
12413,0.33
12414,0.16
12415,0.4
12416,0.31
12417,0.29
12418,0.17
12419,0.19
12420,0.31
12421,0.19
12422,0.3
12423,0.57
12424,0.06
12425,0.38
12426,0.2
12427,0.49
12428,0.08
12429,0.2
12430,0.2
12431,0.35
12432,0.24
12433,0.28
12434,0.06
12435,0.31
12436,0.17
12437,0.29
12438,0.39
12439,0.27
12440,0.52
12441,0.31
12442,0.2
12443,0.29
12444,0.34
12445,0.45
12446,0.45
12447,0.23
12448,0.32
12449,0.27
12450,0.36
12451,0.46
12452,0.32
12453,0.23
12454,0.14
12455,0.14
12456,0.05
12457,0.09
12458,0.16
12459,0.27
12460,0.26
12461,0.17
12462,0.34
12463,0.39
12464,0.35
12465,0.26
12466,0.47
12467,0.28
12468,0.2
12469,0.19
12470,0.35
12471,0.35
12472,0.26
12473,0.07
12474,0.14
12475,0.22
12476,0.36
12477,0.18
12478,0.28
12479,0.56
12480,0.1
12481,0.25
12482,0.23
12483,0.29
12484,0.47
12485,0.14
12486,0.51
12487,0.39
12488,0.12
12489,0.23
12490,0.2
12491,0.52
12492,0.13
12493,0.43
12494,0.07
12495,0.18
12496,0.2
12497,0.14
12498,0.11
12499,0.06
12500,0.46
12501,0.0
12502,0.27
12503,0.21
12504,0.25
12505,0.46
12506,0.3
12507,0.56
12508,0.34
12509,0.5
12510,0.14
12511,0.32
12512,0.39
12513,0.33
12514,0.18
12515,0.47
12516,0.19
12517,0.43
12518,0.42
12519,0.27
12520,0.36
12521,0.35
12522,0.48
12523,0.26
12524,0.34
12525,0.46
12526,0.43
12527,0.52
12528,0.02
12529,0.34
12530,0.37
12531,0.11
12532,0.12
12533,0.39
12534,0.36
12535,0.32
12536,0.21
12537,0.35
12538,0.42
12539,0.6
12540,0.35
12541,0.23
12542,0.14
12543,0.37
12544,0.2
12545,0.18
12546,0.54
12547,0.39
12548,0.03
12549,0.16
12550,0.24
12551,0.51
12552,0.44
12553,0.16
12554,0.28
12555,0.24
12556,0.33
12557,0.34
12558,0.39
12559,0.23
12560,0.34
12561,0.36
12562,0.37
12563,0.23
12564,0.45
12565,0.0
12566,0.37
12567,0.54
12568,0.35
12569,0.17
12570,0.23
12571,0.23
12572,0.36
12573,0.38
12574,0.28
12575,0.32
12576,0.25
12577,0.43
12578,0.51
12579,0.19
12580,0.31
12581,0.06
12582,0.28
12583,0.34
12584,0.37
12585,0.58
12586,0.41
12587,0.26
12588,0.46
12589,0.37
12590,0.32
12591,0.34
12592,0.37
12593,0.39
12594,0.42
12595,0.32
12596,0.46
12597,0.27
12598,0.23
12599,0.3
12600,0.09
12601,0.28
12602,0.31
12603,0.15
12604,0.1
12605,0.36
12606,0.42
12607,0.22
12608,0.54
12609,0.34
12610,0.2
12611,0.03
12612,0.32
12613,0.26
12614,0.2
12615,0.2
12616,0.34
12617,0.32
12618,0.16
12619,0.56
12620,0.01
12621,0.4
12622,0.19
12623,0.19
12624,0.3
12625,0.65
12626,0.38
12627,0.26
12628,0.31
12629,0.63
12630,0.25
12631,0.25
12632,0.27
12633,0.16
12634,0.18
12635,0.42
12636,0.27
12637,0.2
12638,0.32
12639,0.15
12640,0.55
12641,0.38
12642,0.19
12643,0.36
12644,0.49
12645,0.35
12646,0.17
12647,0.24
12648,0.3
12649,0.14
12650,0.37
12651,0.4
12652,0.26
12653,0.2
12654,0.51
12655,0.27
12656,0.26
12657,0.36
12658,0.21
12659,0.07
12660,0.15
12661,0.24
12662,0.14
12663,0.25
12664,0.21
12665,0.47
12666,0.29
12667,0.05
12668,0.38
12669,0.33
12670,0.4
12671,0.28
12672,0.31
12673,0.35
12674,0.19
12675,0.46
12676,0.34
12677,0.18
12678,0.14
12679,0.24
12680,0.47
12681,0.11
12682,0.47
12683,0.23
12684,0.28
12685,0.35
12686,0.32
12687,0.31
12688,0.26
12689,0.31
12690,0.23
12691,0.21
12692,0.08
12693,0.4
12694,0.5
12695,0.21
12696,0.26
12697,0.28
12698,0.41
12699,0.0
12700,0.2
12701,0.2
12702,0.3
12703,0.39
12704,0.13
12705,0.29
12706,0.34
12707,0.39
12708,0.2
12709,0.37
12710,0.31
12711,0.33
12712,0.1
12713,0.28
12714,0.52
12715,0.22
12716,0.25
12717,0.35
12718,0.28
12719,0.41
12720,0.48
12721,0.02
12722,0.56
12723,0.25
12724,0.41
12725,0.35
12726,0.17
12727,0.51
12728,0.23
12729,0.34
12730,0.37
12731,0.21
12732,0.49
12733,0.28
12734,0.03
12735,0.45
12736,0.27
12737,0.35
12738,0.33
12739,0.17
12740,0.51
12741,0.15
12742,0.36
12743,0.25
12744,0.24
12745,0.13
12746,0.24
12747,0.35
12748,0.18
12749,0.13
12750,0.22
12751,0.26
12752,0.4
12753,0.32
12754,0.11
12755,0.34
12756,0.23
12757,0.16
12758,0.56
12759,0.32
12760,0.33
12761,0.05
12762,0.18
12763,0.19
12764,0.12
12765,0.15
12766,0.5
12767,0.53
12768,0.57
12769,0.33
12770,0.39
12771,0.09
12772,0.39
12773,0.21
12774,0.38
12775,0.21
12776,0.42
12777,0.44
12778,0.36
12779,0.52
12780,0.16
12781,0.23
12782,0.15
12783,0.44
12784,0.27
12785,0.23
12786,0.43
12787,0.46
12788,0.47
12789,0.21
12790,0.28
12791,0.28
12792,0.2
12793,0.17
12794,0.12
12795,0.25
12796,0.29
12797,0.08
12798,0.28
12799,0.24
12800,0.16
12801,0.32
12802,0.26
12803,0.36
12804,0.52
12805,0.14
12806,0.22
12807,0.62
12808,0.28
12809,0.08
12810,0.33
12811,0.29
12812,0.07
12813,0.44
12814,0.38
12815,0.15
12816,0.48
12817,0.08
12818,0.31
12819,0.41
12820,0.34
12821,0.15
12822,0.02
12823,0.1
12824,0.38
12825,0.21
12826,0.35
12827,0.19
12828,0.66
12829,0.33
12830,0.33
12831,0.27
12832,0.45
12833,0.17
12834,0.34
12835,0.35
12836,0.46
12837,0.43
12838,0.18
12839,0.48
12840,0.21
12841,0.14
12842,0.21
12843,0.37
12844,0.52
12845,0.29
12846,0.38
12847,0.0
12848,0.26
12849,0.19
12850,0.25
12851,0.44
12852,0.36
12853,0.19
12854,0.35
12855,0.25
12856,0.26
12857,0.57
12858,0.46
12859,0.51
12860,0.22
12861,0.26
12862,0.3
12863,0.22
12864,0.39
12865,0.14
12866,0.21
12867,0.24
12868,0.26
12869,0.37
12870,0.32
12871,0.25
12872,0.37
12873,0.43
12874,0.41
12875,0.46
12876,0.11
12877,0.38
12878,0.18
12879,0.0
12880,0.14
12881,0.07
12882,0.32
12883,0.27
12884,0.37
12885,0.18
12886,0.43
12887,0.28
12888,0.31
12889,0.32
12890,0.22
12891,0.11
12892,0.2
12893,0.5
12894,0.06
12895,0.35
12896,0.13
12897,0.5
12898,0.49
12899,0.3
12900,0.12
12901,0.26
12902,0.14
12903,0.62
12904,0.28
12905,0.32
12906,0.31
12907,0.26
12908,0.46
12909,0.24
12910,0.41
12911,0.42
12912,0.34
12913,0.51
12914,0.48
12915,0.35
12916,0.17
12917,0.26
12918,0.3
12919,0.18
12920,0.34
12921,0.33
12922,0.34
12923,0.53
12924,0.24
12925,0.34
12926,0.29
12927,0.24
12928,0.51
12929,0.43
12930,0.15
12931,0.36
12932,0.28
12933,0.19
12934,0.17
12935,0.57
12936,0.08
12937,0.23
12938,0.34
12939,0.41
12940,0.33
12941,0.32
12942,0.39
12943,0.29
12944,0.21
12945,0.2
12946,0.28
12947,0.45
12948,0.45
12949,0.35
12950,0.06
12951,0.14
12952,0.41
12953,0.16
12954,0.15
12955,0.41
12956,0.17
12957,0.21
12958,0.33
12959,0.13
12960,0.35
12961,0.38
12962,0.35
12963,0.21
12964,0.33
12965,0.41
12966,0.21
12967,0.29
12968,0.33
12969,0.04
12970,0.14
12971,0.17
12972,0.32
12973,0.45
12974,0.09
12975,0.38
12976,0.33
12977,0.25
12978,0.13
12979,0.34
12980,0.43
12981,0.22
12982,0.62
12983,0.16
12984,0.3
12985,0.42
12986,0.3
12987,0.38
12988,0.27
12989,0.31
12990,0.63
12991,0.06
12992,0.31
12993,0.24
12994,0.4
12995,0.28
12996,0.21
12997,0.45
12998,0.03
12999,0.0
13000,0.26
13001,0.39
13002,0.41
13003,0.4
13004,0.42
13005,0.14
13006,0.43
13007,0.16
13008,0.34
13009,0.42
13010,0.22
13011,0.22
13012,0.08
13013,0.45
13014,0.18
13015,0.32
13016,0.32
13017,0.49
13018,0.32
13019,0.49
13020,0.27
13021,0.44
13022,0.36
13023,0.52
13024,0.55
13025,0.65
13026,0.38
13027,0.53
13028,0.46
13029,0.27
13030,0.33
13031,0.62
13032,0.37
13033,0.28
13034,0.25
13035,0.34
13036,0.32
13037,0.16
13038,0.32
13039,0.07
13040,0.34
13041,0.51
13042,0.44
13043,0.18
13044,0.52
13045,0.41
13046,0.23
13047,0.18
13048,0.23
13049,0.59
13050,0.15
13051,0.06
13052,0.3
13053,0.26
13054,0.16
13055,0.26
13056,0.45
13057,0.52
13058,0.3
13059,0.3
13060,0.54
13061,0.18
13062,0.21
13063,0.47
13064,0.43
13065,0.19
13066,0.33
13067,0.24
13068,0.34
13069,0.16
13070,0.22
13071,0.23
13072,0.18
13073,0.2
13074,0.47
13075,0.23
13076,0.4
13077,0.17
13078,0.52
13079,0.22
13080,0.23
13081,0.36
13082,0.43
13083,0.23
13084,0.27
13085,0.09
13086,0.14
13087,0.3
13088,0.22
13089,0.22
13090,0.37
13091,0.17
13092,0.12
13093,0.51
13094,0.3
13095,0.33
13096,0.43
13097,0.08
13098,0.26
13099,0.42
13100,0.39
13101,0.33
13102,0.37
13103,0.55
13104,0.22
13105,0.48
13106,0.37
13107,0.34
13108,0.27
13109,0.27
13110,0.61
13111,0.23
13112,0.41
13113,0.01
13114,0.06
13115,0.36
13116,0.31
13117,0.31
13118,0.39
13119,0.47
13120,0.21
13121,0.35
13122,0.18
13123,0.59
13124,0.21
13125,0.07
13126,0.54
13127,0.18
13128,0.34
13129,0.36
13130,0.12
13131,0.19
13132,0.51
13133,0.3
13134,0.3
13135,0.03
13136,0.33
13137,0.07
13138,0.1
13139,0.45
13140,0.29
13141,0.35
13142,0.3
13143,0.42
13144,0.35
13145,0.35
13146,0.37
13147,0.21
13148,0.26
13149,0.32
13150,0.55
13151,0.02
13152,0.47
13153,0.3
13154,0.35
13155,0.41
13156,0.42
13157,0.31
13158,0.08
13159,0.39
13160,0.31
13161,0.24
13162,0.0
13163,0.47
13164,0.27
13165,0.43
13166,0.08
13167,0.44
13168,0.49
13169,0.38
13170,0.26
13171,0.0
13172,0.43
13173,0.19
13174,0.19
13175,0.27
13176,0.05
13177,0.34
13178,0.32
13179,0.44
13180,0.21
13181,0.32
13182,0.17
13183,0.45
13184,0.4
13185,0.33
13186,0.48
13187,0.7
13188,0.2
13189,0.27
13190,0.51
13191,0.32
13192,0.23
13193,0.33
13194,0.14
13195,0.24
13196,0.46
13197,0.28
13198,0.03
13199,0.24
13200,0.31
13201,0.35
13202,0.48
13203,0.21
13204,0.51
13205,0.45
13206,0.31
13207,0.13
13208,0.41
13209,0.32
13210,0.48
13211,0.06
13212,0.48
13213,0.26
13214,0.28
13215,0.28
13216,0.35
13217,0.3
13218,0.42
13219,0.49
13220,0.16
13221,0.2
13222,0.07
13223,0.24
13224,0.4
13225,0.26
13226,0.19
13227,0.29
13228,0.48
13229,0.23
13230,0.2
13231,0.4
13232,0.06
13233,0.2
13234,0.35
13235,0.07
13236,0.27
13237,0.28
13238,0.26
13239,0.14
13240,0.23
13241,0.2
13242,0.4
13243,0.43
13244,0.36
13245,0.4
13246,0.3
13247,0.35
13248,0.52
13249,0.33
13250,0.39
13251,0.18
13252,0.42
13253,0.55
13254,0.51
13255,0.41
13256,0.42
13257,0.22
13258,0.24
13259,0.34
13260,0.44
13261,0.4
13262,0.32
13263,0.44
13264,0.41
13265,0.25
13266,0.18
13267,0.46
13268,0.34
13269,0.32
13270,0.29
13271,0.16
13272,0.22
13273,0.41
13274,0.24
13275,0.01
13276,0.12
13277,0.36
13278,0.27
13279,0.5
13280,0.31
13281,0.21
13282,0.49
13283,0.37
13284,0.21
13285,0.26
13286,0.29
13287,0.19
13288,0.47
13289,0.19
13290,0.41
13291,0.29
13292,0.31
13293,0.34
13294,0.61
13295,0.52
13296,0.12
13297,0.21
13298,0.09
13299,0.24
13300,0.56
13301,0.38
13302,0.13
13303,0.06
13304,0.36
13305,0.46
13306,0.24
13307,0.27
13308,0.17
13309,0.11
13310,0.2
13311,0.02
13312,0.39
13313,0.22
13314,0.11
13315,0.26
13316,0.37
13317,0.36
13318,0.39
13319,0.37
13320,0.53
13321,0.35
13322,0.51
13323,0.07
13324,0.3
13325,0.37
13326,0.3
13327,0.21
13328,0.45
13329,0.06
13330,0.34
13331,0.33
13332,0.21
13333,0.4
13334,0.29
13335,0.43
13336,0.13
13337,0.33
13338,0.14
13339,0.4
13340,0.34
13341,0.33
13342,0.08
13343,0.3
13344,0.35
13345,0.41
13346,0.1
13347,0.28
13348,0.48
13349,0.24
13350,0.45
13351,0.33
13352,0.24
13353,0.14
13354,0.06
13355,0.35
13356,0.32
13357,0.55
13358,0.29
13359,0.24
13360,0.27
13361,0.39
13362,0.3
13363,0.21
13364,0.37
13365,0.48
13366,0.17
13367,0.12
13368,0.39
13369,0.15
13370,0.26
13371,0.22
13372,0.32
13373,0.31
13374,0.49
13375,0.25
13376,0.05
13377,0.27
13378,0.35
13379,0.13
13380,0.39
13381,0.51
13382,0.07
13383,0.18
13384,0.31
13385,0.43
13386,0.13
13387,0.4
13388,0.29
13389,0.31
13390,0.32
13391,0.32
13392,0.46
13393,0.19
13394,0.32
13395,0.55
13396,0.54
13397,0.16
13398,0.33
13399,0.51
13400,0.26
13401,0.13
13402,0.08
13403,0.4
13404,0.38
13405,0.32
13406,0.47
13407,0.58
13408,0.22
13409,0.13
13410,0.31
13411,0.16
13412,0.07
13413,0.19
13414,0.08
13415,0.44
13416,0.0
13417,0.16
13418,0.41
13419,0.24
13420,0.4
13421,0.29
13422,0.18
13423,0.31
13424,0.0
13425,0.54
13426,0.09
13427,0.32
13428,0.47
13429,0.44
13430,0.44
13431,0.41
13432,0.23
13433,0.31
13434,0.3
13435,0.32
13436,0.4
13437,0.2
13438,0.13
13439,0.3
13440,0.21
13441,0.43
13442,0.01
13443,0.29
13444,0.21
13445,0.32
13446,0.53
13447,0.61
13448,0.23
13449,0.3
13450,0.13
13451,0.17
13452,0.21
13453,0.28
13454,0.3
13455,0.12
13456,0.28
13457,0.28
13458,0.23
13459,0.18
13460,0.01
13461,0.35
13462,0.53
13463,0.12
13464,0.39
13465,0.31
13466,0.29
13467,0.31
13468,0.27
13469,0.49
13470,0.36
13471,0.01
13472,0.37
13473,0.17
13474,0.46
13475,0.33
13476,0.33
13477,0.14
13478,0.32
13479,0.33
13480,0.41
13481,0.13
13482,0.25
13483,0.3
13484,0.19
13485,0.07
13486,0.29
13487,0.46
13488,0.17
13489,0.37
13490,0.46
13491,0.33
13492,0.36
13493,0.36
13494,0.26
13495,0.3
13496,0.41
13497,0.06
13498,0.27
13499,0.44
13500,0.38
13501,0.19
13502,0.32
13503,0.41
13504,0.16
13505,0.56
13506,0.13
13507,0.28
13508,0.24
13509,0.42
13510,0.39
13511,0.26
13512,0.07
13513,0.21
13514,0.23
13515,0.29
13516,0.11
13517,0.38
13518,0.37
13519,0.29
13520,0.29
13521,0.25
13522,0.5
13523,0.3
13524,0.37
13525,0.27
13526,0.24
13527,0.41
13528,0.28
13529,0.15
13530,0.28
13531,0.35
13532,0.4
13533,0.28
13534,0.31
13535,0.38
13536,0.26
13537,0.14
13538,0.46
13539,0.41
13540,0.2
13541,0.48
13542,0.2
13543,0.4
13544,0.13
13545,0.4
13546,0.2
13547,0.31
13548,0.37
13549,0.26
13550,0.24
13551,0.25
13552,0.13
13553,0.35
13554,0.45
13555,0.4
13556,0.23
13557,0.32
13558,0.26
13559,0.26
13560,0.35
13561,0.23
13562,0.45
13563,0.24
13564,0.54
13565,0.42
13566,0.13
13567,0.41
13568,0.2
13569,0.34
13570,0.42
13571,0.24
13572,0.3
13573,0.42
13574,0.29
13575,0.26
13576,0.38
13577,0.43
13578,0.35
13579,0.32
13580,0.61
13581,0.36
13582,0.45
13583,0.46
13584,0.58
13585,0.26
13586,0.46
13587,0.27
13588,0.37
13589,0.08
13590,0.46
13591,0.39
13592,0.37
13593,0.27
13594,0.29
13595,0.35
13596,0.17
13597,0.36
13598,0.49
13599,0.36
13600,0.25
13601,0.01
13602,0.54
13603,0.55
13604,0.33
13605,0.35
13606,0.21
13607,0.48
13608,0.2
13609,0.2
13610,0.19
13611,0.25
13612,0.51
13613,0.31
13614,0.13
13615,0.32
13616,0.31
13617,0.22
13618,0.28
13619,0.26
13620,0.18
13621,0.24
13622,0.46
13623,0.67
13624,0.1
13625,0.17
13626,0.24
13627,0.0
13628,0.46
13629,0.24
13630,0.43
13631,0.26
13632,0.18
13633,0.43
13634,0.24
13635,0.22
13636,0.41
13637,0.29
13638,0.45
13639,0.36
13640,0.33
13641,0.31
13642,0.44
13643,0.28
13644,0.5
13645,0.46
13646,0.19
13647,0.22
13648,0.33
13649,0.11
13650,0.19
13651,0.28
13652,0.22
13653,0.08
13654,0.25
13655,0.0
13656,0.52
13657,0.28
13658,0.45
13659,0.41
13660,0.48
13661,0.27
13662,0.45
13663,0.41
13664,0.47
13665,0.0
13666,0.47
13667,0.18
13668,0.21
13669,0.1
13670,0.12
13671,0.11
13672,0.28
13673,0.19
13674,0.46
13675,0.29
13676,0.1
13677,0.26
13678,0.31
13679,0.09
13680,0.16
13681,0.25
13682,0.14
13683,0.48
13684,0.26
13685,0.47
13686,0.27
13687,0.23
13688,0.46
13689,0.42
13690,0.13
13691,0.48
13692,0.06
13693,0.23
13694,0.07
13695,0.55
13696,0.16
13697,0.1
13698,0.39
13699,0.2
13700,0.41
13701,0.38
13702,0.39
13703,0.23
13704,0.5
13705,0.25
13706,0.4
13707,0.11
13708,0.14
13709,0.61
13710,0.28
13711,0.29
13712,0.32
13713,0.5
13714,0.22
13715,0.18
13716,0.39
13717,0.6
13718,0.53
13719,0.59
13720,0.42
13721,0.56
13722,0.32
13723,0.22
13724,0.32
13725,0.2
13726,0.34
13727,0.31
13728,0.33
13729,0.61
13730,0.19
13731,0.26
13732,0.42
13733,0.21
13734,0.54
13735,0.23
13736,0.32
13737,0.47
13738,0.16
13739,0.29
13740,0.17
13741,0.22
13742,0.32
13743,0.22
13744,0.2
13745,0.39
13746,0.32
13747,0.38
13748,0.19
13749,0.26
13750,0.21
13751,0.36
13752,0.28
13753,0.23
13754,0.15
13755,0.27
13756,0.23
13757,0.13
13758,0.21
13759,0.24
13760,0.39
13761,0.26
13762,0.2
13763,0.19
13764,0.16
13765,0.18
13766,0.29
13767,0.11
13768,0.21
13769,0.32
13770,0.31
13771,0.18
13772,0.38
13773,0.18
13774,0.29
13775,0.12
13776,0.34
13777,0.4
13778,0.35
13779,0.53
13780,0.18
13781,0.2
13782,0.15
13783,0.13
13784,0.24
13785,0.23
13786,0.51
13787,0.33
13788,0.38
13789,0.18
13790,0.37
13791,0.25
13792,0.28
13793,0.31
13794,0.39
13795,0.16
13796,0.43
13797,0.5
13798,0.26
13799,0.26
13800,0.4
13801,0.26
13802,0.4
13803,0.23
13804,0.17
13805,0.28
13806,0.17
13807,0.35
13808,0.42
13809,0.26
13810,0.36
13811,0.42
13812,0.19
13813,0.13
13814,0.45
13815,0.37
13816,0.39
13817,0.3
13818,0.45
13819,0.43
13820,0.31
13821,0.72
13822,0.42
13823,0.55
13824,0.0
13825,0.44
13826,0.3
13827,0.51
13828,0.4
13829,0.23
13830,0.15
13831,0.34
13832,0.16
13833,0.34
13834,0.42
13835,0.47
13836,0.23
13837,0.4
13838,0.31
13839,0.27
13840,0.37
13841,0.53
13842,0.28
13843,0.43
13844,0.24
13845,0.22
13846,0.12
13847,0.42
13848,0.5
13849,0.35
13850,0.37
13851,0.3
13852,0.1
13853,0.08
13854,0.38
13855,0.48
13856,0.21
13857,0.11
13858,0.24
13859,0.38
13860,0.2
13861,0.52
13862,0.0
13863,0.44
13864,0.21
13865,0.37
13866,0.34
13867,0.25
13868,0.32
13869,0.22
13870,0.45
13871,0.51
13872,0.36
13873,0.4
13874,0.57
13875,0.5
13876,0.06
13877,0.66
13878,0.48
13879,0.04
13880,0.22
13881,0.3
13882,0.02
13883,0.45
13884,0.45
13885,0.31
13886,0.47
13887,0.44
13888,0.2
13889,0.15
13890,0.25
13891,0.52
13892,0.13
13893,0.41
13894,0.29
13895,0.33
13896,0.44
13897,0.32
13898,0.22
13899,0.34
13900,0.36
13901,0.37
13902,0.13
13903,0.24
13904,0.59
13905,0.42
13906,0.27
13907,0.47
13908,0.39
13909,0.15
13910,0.35
13911,0.35
13912,0.58
13913,0.22
13914,0.15
13915,0.27
13916,0.36
13917,0.21
13918,0.54
13919,0.25
13920,0.28
13921,0.23
13922,0.23
13923,0.15
13924,0.36
13925,0.37
13926,0.52
13927,0.45
13928,0.24
13929,0.48
13930,0.15
13931,0.4
13932,0.4
13933,0.21
13934,0.44
13935,0.29
13936,0.45
13937,0.25
13938,0.34
13939,0.45
13940,0.34
13941,0.28
13942,0.31
13943,0.39
13944,0.3
13945,0.34
13946,0.33
13947,0.29
13948,0.27
13949,0.16
13950,0.1
13951,0.25
13952,0.38
13953,0.03
13954,0.47
13955,0.26
13956,0.47
13957,0.36
13958,0.22
13959,0.45
13960,0.57
13961,0.08
13962,0.09
13963,0.25
13964,0.33
13965,0.15
13966,0.35
13967,0.27
13968,0.18
13969,0.53
13970,0.35
13971,0.11
13972,0.42
13973,0.47
13974,0.01
13975,0.53
13976,0.14
13977,0.04
13978,0.17
13979,0.52
13980,0.49
13981,0.29
13982,0.3
13983,0.0
13984,0.22
13985,0.3
13986,0.28
13987,0.38
13988,0.38
13989,0.34
13990,0.33
13991,0.48
13992,0.19
13993,0.14
13994,0.28
13995,0.42
13996,0.45
13997,0.56
13998,0.36
13999,0.02
14000,0.36
14001,0.29
14002,0.33
14003,0.21
14004,0.33
14005,0.28
14006,0.07
14007,0.38
14008,0.36
14009,0.52
14010,0.36
14011,0.17
14012,0.45
14013,0.02
14014,0.39
14015,0.31
14016,0.42
14017,0.24
14018,0.19
14019,0.34
14020,0.25
14021,0.42
14022,0.31
14023,0.23
14024,0.4
14025,0.36
14026,0.21
14027,0.3
14028,0.3
14029,0.32
14030,0.26
14031,0.39
14032,0.57
14033,0.17
14034,0.09
14035,0.24
14036,0.29
14037,0.41
14038,0.03
14039,0.38
14040,0.34
14041,0.4
14042,0.42
14043,0.14
14044,0.31
14045,0.39
14046,0.31
14047,0.36
14048,0.22
14049,0.44
14050,0.72
14051,0.18
14052,0.58
14053,0.3
14054,0.23
14055,0.37
14056,0.22
14057,0.38
14058,0.23
14059,0.23
14060,0.28
14061,0.24
14062,0.29
14063,0.04
14064,0.36
14065,0.42
14066,0.34
14067,0.44
14068,0.26
14069,0.0
14070,0.34
14071,0.71
14072,0.4
14073,0.25
14074,0.74
14075,0.5
14076,0.3
14077,0.27
14078,0.36
14079,0.32
14080,0.22
14081,0.27
14082,0.43
14083,0.09
14084,0.39
14085,0.33
14086,0.48
14087,0.33
14088,0.27
14089,0.19
14090,0.53
14091,0.39
14092,0.47
14093,0.33
14094,0.41
14095,0.48
14096,0.31
14097,0.26
14098,0.0
14099,0.23
14100,0.44
14101,0.24
14102,0.42
14103,0.08
14104,0.59
14105,0.33
14106,0.49
14107,0.5
14108,0.26
14109,0.33
14110,0.37
14111,0.49
14112,0.19
14113,0.43
14114,0.38
14115,0.18
14116,0.42
14117,0.43
14118,0.03
14119,0.26
14120,0.25
14121,0.31
14122,0.33
14123,0.58
14124,0.15
14125,0.0
14126,0.41
14127,0.38
14128,0.21
14129,0.18
14130,0.37
14131,0.5
14132,0.47
14133,0.0
14134,0.55
14135,0.42
14136,0.33
14137,0.42
14138,0.12
14139,0.42
14140,0.39
14141,0.31
14142,0.33
14143,0.59
14144,0.3
14145,0.29
14146,0.27
14147,0.52
14148,0.5
14149,0.09
14150,0.16
14151,0.22
14152,0.27
14153,0.34
14154,0.49
14155,0.37
14156,0.38
14157,0.38
14158,0.27
14159,0.25
14160,0.0
14161,0.73
14162,0.32
14163,0.32
14164,0.22
14165,0.07
14166,0.31
14167,0.59
14168,0.25
14169,0.52
14170,0.27
14171,0.13
14172,0.46
14173,0.54
14174,0.41
14175,0.23
14176,0.17
14177,0.31
14178,0.33
14179,0.18
14180,0.35
14181,0.5
14182,0.39
14183,0.22
14184,0.36
14185,0.35
14186,0.45
14187,0.24
14188,0.44
14189,0.34
14190,0.46
14191,0.2
14192,0.11
14193,0.46
14194,0.25
14195,0.3
14196,0.34
14197,0.23
14198,0.75
14199,0.26
14200,0.19
14201,0.27
14202,0.23
14203,0.42
14204,0.12
14205,0.36
14206,0.5
14207,0.51
14208,0.16
14209,0.47
14210,0.01
14211,0.17
14212,0.16
14213,0.2
14214,0.38
14215,0.36
14216,0.04
14217,0.22
14218,0.34
14219,0.0
14220,0.36
14221,0.46
14222,0.3
14223,0.32
14224,0.16
14225,0.36
14226,0.37
14227,0.32
14228,0.2
14229,0.28
14230,0.11
14231,0.33
14232,0.23
14233,0.33
14234,0.06
14235,0.54
14236,0.16
14237,0.33
14238,0.21
14239,0.29
14240,0.36
14241,0.59
14242,0.09
14243,0.37
14244,0.6
14245,0.24
14246,0.23
14247,0.33
14248,0.58
14249,0.32
14250,0.16
14251,0.32
14252,0.41
14253,0.58
14254,0.24
14255,0.45
